{"Speed":3.0,"WoodProTick":14,"WoodRecieveSpeed":0.8999999761581421,"FoodProTick":9,"FoodRecieveSpeed":1.7000000476837159,"StoneProTick":5,"StoneRecieveSpeed":1.0}